<?xml version="1.0" encoding="UTF-8"?>
<metadata xml:lang="fr"><Esri><CreaDate>20200930</CreaDate><CreaTime>13082100</CreaTime><ArcGISFormat>1.0</ArcGISFormat><ArcGISstyle>XTools Pro Metadata</ArcGISstyle><SyncOnce>FALSE</SyncOnce><DataProperties><lineage><Process ToolSource="C:\Program Files (x86)\XTools\XTools Pro\Toolbox\XTools Pro.tbx\XToolsGP_EraseFeatures" Date="20200724" Time="142536">XToolsGP_EraseFeatures SFA_4_5_6 SFA_8_9_10_12 C:\Users\Utilisateur\Documents\CTD_2020\PGF_Reviseur1\zone_peche_xy_brian\crevette\manip\SFA_4_5_6_V.shp #</Process><Process ToolSource="c:\program files (x86)\arcgis\desktop10.0\ArcToolbox\Toolboxes\Data Management Tools.tbx\Merge" Date="20200929" Time="111421">Merge 'New Group Layer\SFA_4_5_6_V';'New Group Layer\SFA_7';'New Group Layer\SFA_0_1';'New Group Layer\SFA3AssessmentArea_nad83';'New Group Layer\NSRFAssessmentArea_nad83';SFA_8_9_10_12;SFA_hachuree;'New Group Layer\SFA_SudGolfe';'New Group Layer\SFA_14';'New Group Layer\SFA_13';'New Group Layer\SFA_15';'New Group Layer\SFA_16' C:\Users\Utilisateur\Documents\CTD_2020\PGF_Reviseur1\zone_peche_xy_brian\crevette\manip\SFAs_PANOMICS_no_clean.shp "Number "Number" true true false 10 Double 0 10 ,First,#,New Group Layer\SFA_4_5_6_V,Number,-1,-1,New Group Layer\SFA_7,Number,-1,-1,New Group Layer\SFA3AssessmentArea_nad83,Number,-1,-1,New Group Layer\NSRFAssessmentArea_nad83,Number,-1,-1;Name "Name" true true false 254 Text 0 0 ,First,#,New Group Layer\SFA_4_5_6_V,Name,-1,-1,New Group Layer\SFA_7,Name,-1,-1,New Group Layer\SFA3AssessmentArea_nad83,Name,-1,-1,New Group Layer\NSRFAssessmentArea_nad83,Name,-1,-1,SFA_hachuree,Name,-1,-1;Blank "Blank" true true false 10 Double 0 10 ,First,#,New Group Layer\SFA_4_5_6_V,Blank,-1,-1,New Group Layer\SFA_7,Blank,-1,-1,New Group Layer\SFA3AssessmentArea_nad83,Blank,-1,-1,New Group Layer\NSRFAssessmentArea_nad83,Blank,-1,-1;UnitArea "UnitArea" true true false 10 Text 0 0 ,First,#,New Group Layer\SFA_7,UnitArea,-1,-1;Shape_Leng "Shape_Leng" true true false 19 Double 0 0 ,First,#,New Group Layer\SFA_7,Shape_Leng,-1,-1,New Group Layer\SFA_SudGolfe,SHAPE_Leng,-1,-1,New Group Layer\SFA_14,Shape_Leng,-1,-1,New Group Layer\SFA_13,SHAPE_Leng,-1,-1,New Group Layer\SFA_15,Shape_Leng,-1,-1;ET_ID "ET_ID" true true false 8 Long 0 8 ,First,#,New Group Layer\SFA_0_1,ET_ID,-1,-1,SFA_hachuree,ET_ID,-1,-1;AREA "AREA" true true false 15 Double 11 14 ,First,#,New Group Layer\SFA_0_1,AREA,-1,-1,New Group Layer\SFA_14,AREA,-1,-1,New Group Layer\SFA_15,AREA,-1,-1;PERIMETER "PERIMETER" true true false 15 Double 11 14 ,First,#,New Group Layer\SFA_0_1,PERIMETER,-1,-1;NAFO_ "NAFO_" true true false 9 Long 0 9 ,First,#,New Group Layer\SFA_0_1,NAFO_,-1,-1;NAFO_ID "NAFO_ID" true true false 9 Long 0 9 ,First,#,New Group Layer\SFA_0_1,NAFO_ID,-1,-1;ZONE "ZONE" true true false 4 Text 0 0 ,First,#,New Group Layer\SFA_0_1,ZONE,-1,-1,SFA_8_9_10_12,ZONE,-1,-1,New Group Layer\SFA_SudGolfe,Zone,-1,-1,New Group Layer\SFA_13,Zone,-1,-1;POLY_ID "POLY_ID" true true false 10 Double 0 10 ,First,#,SFA_8_9_10_12,POLY_ID,-1,-1;NOTE "NOTE" true true false 50 Text 0 0 ,First,#,SFA_8_9_10_12,NOTE,-1,-1;NOM_ZONE "NOM_ZONE" true true false 25 Text 0 0 ,First,#,SFA_8_9_10_12,NOM_ZONE,-1,-1;OBJECTID "OBJECTID" true true false 9 Long 0 9 ,First,#,New Group Layer\SFA_SudGolfe,OBJECTID,-1,-1,New Group Layer\SFA_14,OBJECTID,-1,-1,New Group Layer\SFA_13,OBJECTID,-1,-1,New Group Layer\SFA_15,OBJECTID,-1,-1;SHAPE_Area "SHAPE_Area" true true false 19 Double 0 0 ,First,#,New Group Layer\SFA_SudGolfe,SHAPE_Area,-1,-1,New Group Layer\SFA_14,Shape_Area,-1,-1,New Group Layer\SFA_13,SHAPE_Area,-1,-1,New Group Layer\SFA_15,Shape_Area,-1,-1;FID_SFA131 "FID_SFA131" true true false 10 Double 0 10 ,First,#,New Group Layer\SFA_14,FID_SFA131,-1,-1,New Group Layer\SFA_15,FID_SFA131,-1,-1;F_CODE "F_CODE" true true false 5 Text 0 0 ,First,#,New Group Layer\SFA_16,F_CODE,-1,-1;NAME_EN "NAME_EN" true true false 80 Text 0 0 ,First,#,New Group Layer\SFA_16,NAME_EN,-1,-1;NOM_FR "NOM_FR" true true false 80 Text 0 0 ,First,#,New Group Layer\SFA_16,NOM_FR,-1,-1;COUNTRY "COUNTRY" true true false 10 Text 0 0 ,First,#,New Group Layer\SFA_16,COUNTRY,-1,-1;CGNS_FID "CGNS_FID" true true false 32 Text 0 0 ,First,#,New Group Layer\SFA_16,CGNS_FID,-1,-1"</Process><Process ToolSource="c:\program files (x86)\arcgis\desktop10.0\ArcToolbox\Toolboxes\Data Management Tools.tbx\RepairGeometry" Date="20200929" Time="111508">RepairGeometry SFAs_PANOMICS_no_clean DELETE_NULL</Process><Process ToolSource="c:\program files (x86)\arcgis\desktop10.0\ArcToolbox\Toolboxes\Data Management Tools.tbx\RepairGeometry" Date="20200929" Time="111618">RepairGeometry SFAs_PANOMICS_no_clean DELETE_NULL</Process><Process ToolSource="C:\Program Files (x86)\ArcGIS\Desktop10.0\ArcToolbox\Toolboxes\Data Management Tools.tbx\CalculateField" Date="20200930" Time="090226">CalculateField SFAs_PANOMICS_no_clean ZONE "4" VB #</Process><Process ToolSource="C:\Program Files (x86)\ArcGIS\Desktop10.0\ArcToolbox\Toolboxes\Data Management Tools.tbx\CalculateField" Date="20200930" Time="090240">CalculateField SFAs_PANOMICS_no_clean ZONE "5" VB #</Process><Process ToolSource="C:\Program Files (x86)\ArcGIS\Desktop10.0\ArcToolbox\Toolboxes\Data Management Tools.tbx\CalculateField" Date="20200930" Time="090301">CalculateField SFAs_PANOMICS_no_clean NAME_EN "Eastern Assessment Zone" VB #</Process><Process ToolSource="C:\Program Files (x86)\ArcGIS\Desktop10.0\ArcToolbox\Toolboxes\Data Management Tools.tbx\CalculateField" Date="20200930" Time="090326">CalculateField SFAs_PANOMICS_no_clean ZONE "6" VB #</Process><Process ToolSource="C:\Program Files (x86)\ArcGIS\Desktop10.0\ArcToolbox\Toolboxes\Data Management Tools.tbx\CalculateField" Date="20200930" Time="090334">CalculateField SFAs_PANOMICS_no_clean NAME_EN "" VB #</Process><Process ToolSource="C:\Program Files (x86)\ArcGIS\Desktop10.0\ArcToolbox\Toolboxes\Data Management Tools.tbx\CalculateField" Date="20200930" Time="090349">CalculateField SFAs_PANOMICS_no_clean ZONE "7" VB #</Process><Process ToolSource="C:\Program Files (x86)\ArcGIS\Desktop10.0\ArcToolbox\Toolboxes\Data Management Tools.tbx\CalculateField" Date="20200930" Time="090402">CalculateField SFAs_PANOMICS_no_clean ZONE "0" VB #</Process><Process ToolSource="C:\Program Files (x86)\ArcGIS\Desktop10.0\ArcToolbox\Toolboxes\Data Management Tools.tbx\CalculateField" Date="20200930" Time="090416">CalculateField SFAs_PANOMICS_no_clean ZONE "1" VB #</Process><Process ToolSource="C:\Program Files (x86)\ArcGIS\Desktop10.0\ArcToolbox\Toolboxes\Data Management Tools.tbx\CalculateField" Date="20200930" Time="090437">CalculateField SFAs_PANOMICS_no_clean NAME_EN "Western Assessment Zone" VB #</Process><Process ToolSource="C:\Program Files (x86)\ArcGIS\Desktop10.0\ArcToolbox\Toolboxes\Data Management Tools.tbx\CalculateField" Date="20200930" Time="090457">CalculateField SFAs_PANOMICS_no_clean NAME_EN "Eastern Assessment Zone" VB #</Process><Process ToolSource="C:\Program Files (x86)\ArcGIS\Desktop10.0\ArcToolbox\Toolboxes\Data Management Tools.tbx\CalculateField" Date="20200930" Time="090620">CalculateField SFAs_PANOMICS_no_clean ZONE "10" VB #</Process><Process ToolSource="C:\Program Files (x86)\ArcGIS\Desktop10.0\ArcToolbox\Toolboxes\Data Management Tools.tbx\CalculateField" Date="20200930" Time="090654">CalculateField SFAs_PANOMICS_no_clean ZONE "" VB #</Process><Process ToolSource="C:\Program Files (x86)\ArcGIS\Desktop10.0\ArcToolbox\Toolboxes\Data Management Tools.tbx\CalculateField" Date="20200930" Time="090720">CalculateField SFAs_PANOMICS_no_clean NOM_ZONE "Zone Sud du Golfe" VB #</Process><Process ToolSource="C:\Program Files (x86)\ArcGIS\Desktop10.0\ArcToolbox\Toolboxes\Data Management Tools.tbx\CalculateField" Date="20200930" Time="090739">CalculateField SFAs_PANOMICS_no_clean ZONE "14" VB #</Process><Process ToolSource="C:\Program Files (x86)\ArcGIS\Desktop10.0\ArcToolbox\Toolboxes\Data Management Tools.tbx\CalculateField" Date="20200930" Time="090800">CalculateField SFAs_PANOMICS_no_clean ZONE "15" VB #</Process><Process ToolSource="C:\Program Files (x86)\ArcGIS\Desktop10.0\ArcToolbox\Toolboxes\Data Management Tools.tbx\CalculateField" Date="20200930" Time="090827">CalculateField SFAs_PANOMICS_no_clean ZONE "16" VB #</Process><Process ToolSource="C:\Program Files (x86)\ArcGIS\Desktop10.0\ArcToolbox\Toolboxes\Data Management Tools.tbx\CalculateField" Date="20200930" Time="090842">CalculateField SFAs_PANOMICS_no_clean NAME_EN "" VB #</Process><Process ToolSource="C:\Program Files (x86)\ArcGIS\Desktop10.0\ArcToolbox\Toolboxes\Data Management Tools.tbx\CalculateField" Date="20200930" Time="090903">CalculateField SFAs_PANOMICS_no_clean NOM_ZONE [NAME_EN] VB #</Process><Process ToolSource="C:\Program Files (x86)\ArcGIS\Desktop10.0\ArcToolbox\Toolboxes\Data Management Tools.tbx\CalculateField" Date="20200930" Time="092836">CalculateField SFAs_PANOMICS_no_clean Source "https://inter-l01-uat.dfo-mpo.gc.ca/infoceans/sites/infoceans/files/Crevette.pdf" VB #</Process><Process ToolSource="C:\Program Files (x86)\ArcGIS\Desktop10.0\ArcToolbox\Toolboxes\Data Management Tools.tbx\CalculateField" Date="20200930" Time="092949">CalculateField SFAs_PANOMICS_no_clean Source "comm.pers.: Wojciech.Walkusz@dfo-mpo.gc.ca, Biologiste Central et Arctic" VB #</Process><Process ToolSource="C:\Program Files (x86)\ArcGIS\Desktop10.0\ArcToolbox\Toolboxes\Data Management Tools.tbx\CalculateField" Date="20200930" Time="093209">CalculateField SFAs_PANOMICS_no_clean Source "limite internationale des pêches (Sources : RNC 7.5M : Ressources naturelles canada http://geogratis.gc.ca/site/fra/extraction)" VB #</Process><Process ToolSource="C:\Program Files (x86)\ArcGIS\Desktop10.0\ArcToolbox\Toolboxes\Data Management Tools.tbx\CalculateField" Date="20200930" Time="093842">CalculateField SFAs_PANOMICS_no_clean Source "comm.pers.: Wojciech.Walkusz@dfo-mpo.gc.ca, Biologiste Central et Arctic (files: NSRF Assessment Area.bln, SFA3 Assessment Area.bln)" VB #</Process><Process ToolSource="C:\Program Files (x86)\ArcGIS\Desktop10.0\ArcToolbox\Toolboxes\Data Management Tools.tbx\CalculateField" Date="20200930" Time="094241">CalculateField SFAs_PANOMICS_no_clean Source "comm.pers.: Katherine.Skanes@dfo-mpo.gc.ca, Biologiste Northwest Atlantic Fisheries Center TN (files: SFA_boundaries_SFAs4_7.shp)" VB #</Process><Process ToolSource="C:\Program Files (x86)\ArcGIS\Desktop10.0\ArcToolbox\Toolboxes\Data Management Tools.tbx\CalculateField" Date="20200930" Time="094906">CalculateField SFAs_PANOMICS_no_clean Source "comm.pers.: Katherine.Skanes@dfo-mpo.gc.ca, Biologiste Northwest Atlantic Fisheries Center TN (files: SFA_boundaries_SFAs4_7.bln)" VB #</Process><Process ToolSource="C:\Program Files (x86)\ArcGIS\Desktop10.0\ArcToolbox\Toolboxes\Data Management Tools.tbx\CalculateField" Date="20200930" Time="095737">CalculateField SFAs_PANOMICS_no_clean Source "comm.pers.:Jessica.Cosham@dfo-mpo.gc.ca, Tech.Sciences aquatiques Bedford Institute of Oceanography NS (file: SFAs_Poly_Shapefile.shp)" VB #</Process><Process ToolSource="C:\Program Files (x86)\ArcGIS\Desktop10.0\ArcToolbox\Toolboxes\Data Management Tools.tbx\CalculateField" Date="20200930" Time="121649">CalculateField SFAs_PANOMICS_no_clean Source "comm.pers.: Katherine.Skanes@dfo-mpo.gc.ca, Biologiste Northwest Atlantic Fisheries Center TN (file: SFA_boundaries_SFAs4_7.bln)- Modifification: Ajout Northwest Atlantic Fisheries Organisation (NAFO zone) 3N(a-B-C-D-E-F-N) 3O(A-B-C-D-E-F)" VB #</Process><Process ToolSource="C:\Program Files (x86)\ArcGIS\Desktop10.0\ArcToolbox\Toolboxes\Data Management Tools.tbx\CalculateField" Date="20200930" Time="124503">CalculateField SFAs_PANOMICS_no_clean Source "Northwest Atlantic Fisheries Organisation (NAFO zone) 01 découpage à la longitude 60°30W tel que spécifié dans https://www.dfo-mpo.gc.ca/fisheries-peches/ifmp-gmp/shrimp-crevette/shrimp-crevette-2018-002-eng.html (Figure 1 Northern Shrimp Fishing Areas as of 2013)" VB #</Process><Process ToolSource="C:\Program Files (x86)\ArcGIS\Desktop10.0\ArcToolbox\Toolboxes\Data Management Tools.tbx\CalculateField" Date="20200930" Time="124744">CalculateField SFAs_PANOMICS_no_clean Source "Délimitation par défaut - zone résiduelle issue de la soustration des zones existentes adjacente" VB #</Process><Process ToolSource="C:\Program Files (x86)\ArcGIS\Desktop10.0\ArcToolbox\Toolboxes\Data Management Tools.tbx\CalculateField" Date="20200930" Time="124830">CalculateField SFAs_PANOMICS_no_clean Source "comm.pers.: Katherine.Skanes@dfo-mpo.gc.ca, Biologiste Northwest Atlantic Fisheries Center TN (file: SFA_boundaries_SFAs4_7.bln)" VB #</Process><Process ToolSource="C:\Program Files (x86)\ArcGIS\Desktop10.0\ArcToolbox\Toolboxes\Data Management Tools.tbx\CalculateField" Date="20200930" Time="125106">CalculateField SFAs_PANOMICS_no_clean Sources [Source] VB #</Process><Process ToolSource="C:\Program Files (x86)\ArcGIS\Desktop10.0\ArcToolbox\Toolboxes\Data Management Tools.tbx\CalculateField" Date="20200930" Time="125131">CalculateField SFAs_PANOMICS_no_clean Sources [Source] VB #</Process><Process ToolSource="C:\Program Files (x86)\ArcGIS\Desktop10.0\ArcToolbox\Toolboxes\Data Management Tools.tbx\CalculateField" Date="20200930" Time="125229">CalculateField SFAs_PANOMICS_no_clean Source "Northwest Atlantic Fisheries Organisation (NAFO zone) 01 découpage à la longitude 60°30W tel que spécifié dans https://www.dfo-mpo.gc.ca/fisheries-peches/ifmp-gmp/shrimp-crevette/shrimp-crevette-2018-002-eng.html (Figure 1 Northern Shrimp Fishing Areas as of 2013)" VB #</Process><Process ToolSource="C:\Program Files (x86)\ArcGIS\Desktop10.0\ArcToolbox\Toolboxes\Data Management Tools.tbx\CalculateField" Date="20200930" Time="125301">CalculateField SFAs_PANOMICS_no_clean Sources "Northwest Atlantic Fisheries Organisation (NAFO zone) 01 découpage à la longitude 60°30W tel que spécifié dans https://www.dfo-mpo.gc.ca/fisheries-peches/ifmp-gmp/shrimp-crevette/shrimp-crevette-2018-002-eng.html (Figure 1 Northern Shrimp Fishing Areas as of 2013)" VB #</Process><Process ToolSource="C:\Program Files (x86)\ArcGIS\Desktop10.0\ArcToolbox\Toolboxes\Data Management Tools.tbx\CalculateField" Date="20200930" Time="125403">CalculateField SFAs_PANOMICS_no_clean Source [Sources] VB #</Process><Process ToolSource="C:\Program Files (x86)\ArcGIS\Desktop10.0\ArcToolbox\Toolboxes\Data Management Tools.tbx\CalculateField" Date="20200930" Time="125431">CalculateField SFAs_PANOMICS_no_clean Source "Northwest Atlantic Fisheries Organisation (NAFO zone) 01 découpage à la longitude 60°30W tel que spécifié dans https://www.dfo-mpo.gc.ca/fisheries-peches/ifmp-gmp/shrimp-crevette/shrimp-crevette-2018-002-eng.html (Figure 1 Northern Shrimp Fishing Areas as of 2013)" VB #</Process><Process ToolSource="C:\Program Files (x86)\ArcGIS\Desktop10.0\ArcToolbox\Toolboxes\Data Management Tools.tbx\CalculateField" Date="20200930" Time="125453">CalculateField SFAs_PANOMICS_no_clean Source "Northwest Atlantic Fisheries Organisation (NAFO zone) 01 découpage à la longitude 60°30W tel que spécifié dans https://www.dfo-mpo.gc.ca/fisheries-peches/ifmp-gmp/shrimp-crevette/shrimp-crevette-2018-002-eng.html (Figure 1 Northern Shrimp Fishing Areas as of 2013)" VB #</Process><Process ToolSource="C:\Program Files (x86)\ArcGIS\Desktop10.0\ArcToolbox\Toolboxes\Data Management Tools.tbx\CalculateField" Date="20200930" Time="125559">CalculateField SFAs_PANOMICS_no_clean Source "Northwest Atlantic Fisheries Organisation (NAFO zone) 01 découpage à la longitude 60°30W : https://www.dfo-mpo.gc.ca/fisheries-peches/ifmp-gmp/shrimp-crevette/shrimp-crevette-2018-002-eng.html (Figure 1 Northern Shrimp Fishing Areas as of 2013)" VB #</Process><Process ToolSource="C:\Program Files (x86)\ArcGIS\Desktop10.0\ArcToolbox\Toolboxes\Data Management Tools.tbx\CalculateField" Date="20200930" Time="125715">CalculateField SFAs_PANOMICS_no_clean Source "comm.pers.: Katherine.Skanes@dfo-mpo.gc.ca, Biologiste Northwest Atlantic Fisheries Center TN (file: SFA_boundaries_SFAs4_7.bln)- Modifification: Ajout Northwest Atlantic Fisheries Organisation (NAFO zone) 3N(a-B-C-D-E-F-N) 3O(A-B-C-D-E-F)" VB #</Process><Process ToolSource="C:\Program Files (x86)\ArcGIS\Desktop10.0\ArcToolbox\Toolboxes\Data Management Tools.tbx\CalculateField" Date="20200930" Time="125747">CalculateField SFAs_PANOMICS_no_clean Source "Délimitation par défaut - zone résiduelle issue de la soustration des zones SFA existentes adjacentes" VB #</Process><Process ToolSource="C:\Program Files (x86)\ArcGIS\Desktop10.0\ArcToolbox\Toolboxes\Data Management Tools.tbx\CalculateField" Date="20200930" Time="130112">CalculateField SFAs_PANOMICS_no_clean Contact "Marie-Noelle.Bourassa@dfo-mpo.gc.ca Institut Maurice Lamontagne (Mont-Joli Qc) DAISS - section Gestion de données" VB #</Process><Process ToolSource="C:\Program Files (x86)\ArcGIS\Desktop10.0\ArcToolbox\Toolboxes\Data Management Tools.tbx\CalculateField" Date="20200930" Time="130202">CalculateField SFAs_PANOMICS_no_clean Contact "Marie-Noelle.Bourassa@dfo-mpo.gc.ca Institut Maurice Lamontagne (Mont-Joli Qc) DAISS - section Gestion de données" VB #</Process><Process ToolSource="C:\Program Files (x86)\ArcGIS\Desktop10.0\ArcToolbox\Toolboxes\Data Management Tools.tbx\CalculateField" Date="20200930" Time="130256">CalculateField SFAs_PANOMICS_no_clean Date 2020-09-30 VB #</Process><Process ToolSource="C:\Program Files (x86)\ArcGIS\Desktop10.0\ArcToolbox\Toolboxes\Data Management Tools.tbx\CalculateField" Date="20200930" Time="130310">CalculateField SFAs_PANOMICS_no_clean Date 30-09-2020 VB #</Process><Process ToolSource="C:\Program Files (x86)\ArcGIS\Desktop10.0\ArcToolbox\Toolboxes\Data Management Tools.tbx\CalculateField" Date="20200930" Time="130346">CalculateField SFAs_PANOMICS_no_clean Date "2020-09-30" VB #</Process><Process ToolSource="C:\Program Files (x86)\ArcGIS\Desktop10.0\ArcToolbox\Toolboxes\Data Management Tools.tbx\CalculateField" Date="20200930" Time="130705">CalculateField SFAs_PANOMICS_no_clean Projet "PANOMICS / Chercheur responsable Genevieve.Parent@dfo-mpo.gc.ca Institut Maurice Lamontage (Mont-Joli, Qc)" VB #</Process></lineage><itemProps><itemName Sync="TRUE">SFAs_PANOMICS_no_clean</itemName><imsContentType Sync="TRUE">002</imsContentType><itemSize Sync="TRUE">0.000</itemSize><itemLocation><linkage Sync="TRUE">file://\\DESKTOP-EMG5OQ3\C$\Users\Utilisateur\Documents\CTD_2020\PGF_Reviseur1\zone_peche_xy_brian\crevette\manip\SFAs_PANOMICS_no_clean.shp</linkage><protocol Sync="TRUE">Local Area Network</protocol></itemLocation></itemProps><coordRef><type Sync="TRUE">Geographic</type><geogcsn Sync="TRUE">GCS_North_American_1983</geogcsn><csUnits Sync="TRUE">Angular Unit: Degree (0.017453)</csUnits><peXml Sync="TRUE">&lt;GeographicCoordinateSystem xsi:type='typens:GeographicCoordinateSystem' xmlns:xsi='http://www.w3.org/2001/XMLSchema-instance' xmlns:xs='http://www.w3.org/2001/XMLSchema' xmlns:typens='http://www.esri.com/schemas/ArcGIS/10.0'&gt;&lt;WKT&gt;GEOGCS[&amp;quot;GCS_North_American_1983&amp;quot;,DATUM[&amp;quot;D_North_American_1983&amp;quot;,SPHEROID[&amp;quot;GRS_1980&amp;quot;,6378137.0,298.257222101]],PRIMEM[&amp;quot;Greenwich&amp;quot;,0.0],UNIT[&amp;quot;Degree&amp;quot;,0.0174532925199433],AUTHORITY[&amp;quot;EPSG&amp;quot;,4269]]&lt;/WKT&gt;&lt;XOrigin&gt;-399.99999999999989&lt;/XOrigin&gt;&lt;YOrigin&gt;-399.99999999999989&lt;/YOrigin&gt;&lt;XYScale&gt;11258999068426.24&lt;/XYScale&gt;&lt;ZOrigin&gt;-100000&lt;/ZOrigin&gt;&lt;ZScale&gt;10000&lt;/ZScale&gt;&lt;MOrigin&gt;-100000&lt;/MOrigin&gt;&lt;MScale&gt;10000&lt;/MScale&gt;&lt;XYTolerance&gt;8.9831528411952117e-009&lt;/XYTolerance&gt;&lt;ZTolerance&gt;0.001&lt;/ZTolerance&gt;&lt;MTolerance&gt;0.001&lt;/MTolerance&gt;&lt;HighPrecision&gt;true&lt;/HighPrecision&gt;&lt;LeftLongitude&gt;-180&lt;/LeftLongitude&gt;&lt;WKID&gt;4269&lt;/WKID&gt;&lt;/GeographicCoordinateSystem&gt;</peXml></coordRef></DataProperties><SyncDate>20200929</SyncDate><SyncTime>11141900</SyncTime><ModDate>20200929</ModDate><ModTime>11141900</ModTime></Esri><dataIdInfo><envirDesc Sync="TRUE"> Version 6.2 (Build 9200) ; ESRI ArcGIS 10.0.5.4400</envirDesc><dataLang><languageCode value="fra" Sync="TRUE"></languageCode><countryCode value="CAN" Sync="TRUE"></countryCode></dataLang><idCitation><resTitle Sync="TRUE">SFAs_PANOMICS_no_clean</resTitle><presForm><PresFormCd value="005" Sync="TRUE"></PresFormCd></presForm></idCitation><spatRpType><SpatRepTypCd value="001" Sync="TRUE"></SpatRepTypCd></spatRpType></dataIdInfo><mdLang><languageCode value="fra" Sync="TRUE"></languageCode><countryCode value="CAN" Sync="TRUE"></countryCode></mdLang><mdChar><CharSetCd value="004" Sync="TRUE"></CharSetCd></mdChar><distInfo><distFormat><formatName Sync="TRUE">Shapefile</formatName></distFormat><distTranOps><transSize Sync="TRUE">0.000</transSize></distTranOps></distInfo><mdHrLv><ScopeCd value="005" Sync="TRUE"></ScopeCd></mdHrLv><mdHrLvName Sync="TRUE">dataset</mdHrLvName><refSysInfo><RefSystem><refSysID><identCode code="4269" Sync="TRUE"></identCode><idCodeSpace Sync="TRUE">EPSG</idCodeSpace><idVersion Sync="TRUE">7.4.1</idVersion></refSysID></RefSystem></refSysInfo><spatRepInfo><VectSpatRep><geometObjs Name="SFAs_PANOMICS_no_clean"><geoObjTyp><GeoObjTypCd value="002" Sync="TRUE"></GeoObjTypCd></geoObjTyp><geoObjCnt Sync="TRUE">0</geoObjCnt></geometObjs><topLvl><TopoLevCd value="001" Sync="TRUE"></TopoLevCd></topLvl></VectSpatRep></spatRepInfo><spdoinfo><ptvctinf><esriterm><efeatyp Sync="TRUE">Simple</efeatyp><efeageom code="4" Sync="TRUE"></efeageom><esritopo Sync="TRUE">FALSE</esritopo><efeacnt Sync="TRUE">0</efeacnt><spindex Sync="TRUE">FALSE</spindex><linrefer Sync="TRUE">FALSE</linrefer></esriterm></ptvctinf></spdoinfo><eainfo><detailed Name="SFAs_PANOMICS_no_clean"><enttyp><enttypl Sync="TRUE">SFAs_PANOMICS_no_clean</enttypl><enttypt Sync="TRUE">Feature Class</enttypt><enttypc Sync="TRUE">0</enttypc></enttyp><attr><attrlabl Sync="TRUE">FID</attrlabl><attalias Sync="TRUE">FID</attalias><attrtype Sync="TRUE">OID</attrtype><attwidth Sync="TRUE">4</attwidth><atprecis Sync="TRUE">0</atprecis><attscale Sync="TRUE">0</attscale><attrdef Sync="TRUE">Internal feature number.</attrdef><attrdefs Sync="TRUE">ESRI</attrdefs><attrdomv><udom Sync="TRUE">Sequential unique whole numbers that are automatically generated.</udom></attrdomv></attr><attr><attrlabl Sync="TRUE">Shape</attrlabl><attalias Sync="TRUE">Shape</attalias><attrtype Sync="TRUE">Geometry</attrtype><attwidth Sync="TRUE">0</attwidth><atprecis Sync="TRUE">0</atprecis><attscale Sync="TRUE">0</attscale><attrdef Sync="TRUE">Feature geometry.</attrdef><attrdefs Sync="TRUE">ESRI</attrdefs><attrdomv><udom Sync="TRUE">Coordinates defining the features.</udom></attrdomv></attr><attr><attrlabl Sync="TRUE">Number</attrlabl><attalias Sync="TRUE">Number</attalias><attrtype Sync="TRUE">Double</attrtype><attwidth Sync="TRUE">10</attwidth><atprecis Sync="TRUE">10</atprecis><attscale Sync="TRUE">0</attscale></attr><attr><attrlabl Sync="TRUE">Name</attrlabl><attalias Sync="TRUE">Name</attalias><attrtype Sync="TRUE">String</attrtype><attwidth Sync="TRUE">254</attwidth><atprecis Sync="TRUE">0</atprecis><attscale Sync="TRUE">0</attscale></attr><attr><attrlabl Sync="TRUE">Blank</attrlabl><attalias Sync="TRUE">Blank</attalias><attrtype Sync="TRUE">Double</attrtype><attwidth Sync="TRUE">10</attwidth><atprecis Sync="TRUE">10</atprecis><attscale Sync="TRUE">0</attscale></attr><attr><attrlabl Sync="TRUE">UnitArea</attrlabl><attalias Sync="TRUE">UnitArea</attalias><attrtype Sync="TRUE">String</attrtype><attwidth Sync="TRUE">10</attwidth><atprecis Sync="TRUE">0</atprecis><attscale Sync="TRUE">0</attscale></attr><attr><attrlabl Sync="TRUE">Shape_Leng</attrlabl><attalias Sync="TRUE">Shape_Leng</attalias><attrtype Sync="TRUE">Double</attrtype><attwidth Sync="TRUE">19</attwidth><atprecis Sync="TRUE">0</atprecis><attscale Sync="TRUE">0</attscale></attr><attr><attrlabl Sync="TRUE">ET_ID</attrlabl><attalias Sync="TRUE">ET_ID</attalias><attrtype Sync="TRUE">Integer</attrtype><attwidth Sync="TRUE">8</attwidth><atprecis Sync="TRUE">8</atprecis><attscale Sync="TRUE">0</attscale></attr><attr><attrlabl Sync="TRUE">AREA</attrlabl><attalias Sync="TRUE">AREA</attalias><attrtype Sync="TRUE">Double</attrtype><attwidth Sync="TRUE">15</attwidth><atprecis Sync="TRUE">14</atprecis><attscale Sync="TRUE">11</attscale></attr><attr><attrlabl Sync="TRUE">PERIMETER</attrlabl><attalias Sync="TRUE">PERIMETER</attalias><attrtype Sync="TRUE">Double</attrtype><attwidth Sync="TRUE">15</attwidth><atprecis Sync="TRUE">14</atprecis><attscale Sync="TRUE">11</attscale></attr><attr><attrlabl Sync="TRUE">NAFO_</attrlabl><attalias Sync="TRUE">NAFO_</attalias><attrtype Sync="TRUE">Integer</attrtype><attwidth Sync="TRUE">9</attwidth><atprecis Sync="TRUE">9</atprecis><attscale Sync="TRUE">0</attscale></attr><attr><attrlabl Sync="TRUE">NAFO_ID</attrlabl><attalias Sync="TRUE">NAFO_ID</attalias><attrtype Sync="TRUE">Integer</attrtype><attwidth Sync="TRUE">9</attwidth><atprecis Sync="TRUE">9</atprecis><attscale Sync="TRUE">0</attscale></attr><attr><attrlabl Sync="TRUE">ZONE</attrlabl><attalias Sync="TRUE">ZONE</attalias><attrtype Sync="TRUE">String</attrtype><attwidth Sync="TRUE">4</attwidth><atprecis Sync="TRUE">0</atprecis><attscale Sync="TRUE">0</attscale></attr><attr><attrlabl Sync="TRUE">POLY_ID</attrlabl><attalias Sync="TRUE">POLY_ID</attalias><attrtype Sync="TRUE">Double</attrtype><attwidth Sync="TRUE">10</attwidth><atprecis Sync="TRUE">10</atprecis><attscale Sync="TRUE">0</attscale></attr><attr><attrlabl Sync="TRUE">NOTE</attrlabl><attalias Sync="TRUE">NOTE</attalias><attrtype Sync="TRUE">String</attrtype><attwidth Sync="TRUE">50</attwidth><atprecis Sync="TRUE">0</atprecis><attscale Sync="TRUE">0</attscale></attr><attr><attrlabl Sync="TRUE">NOM_ZONE</attrlabl><attalias Sync="TRUE">NOM_ZONE</attalias><attrtype Sync="TRUE">String</attrtype><attwidth Sync="TRUE">25</attwidth><atprecis Sync="TRUE">0</atprecis><attscale Sync="TRUE">0</attscale></attr><attr><attrlabl Sync="TRUE">OBJECTID</attrlabl><attalias Sync="TRUE">OBJECTID</attalias><attrtype Sync="TRUE">Integer</attrtype><attwidth Sync="TRUE">9</attwidth><atprecis Sync="TRUE">9</atprecis><attscale Sync="TRUE">0</attscale></attr><attr><attrlabl Sync="TRUE">SHAPE_Area</attrlabl><attalias Sync="TRUE">SHAPE_Area</attalias><attrtype Sync="TRUE">Double</attrtype><attwidth Sync="TRUE">19</attwidth><atprecis Sync="TRUE">0</atprecis><attscale Sync="TRUE">0</attscale><attrdef Sync="TRUE">Area of feature in internal units squared.</attrdef><attrdefs Sync="TRUE">ESRI</attrdefs><attrdomv><udom Sync="TRUE">Positive real numbers that are automatically generated.</udom></attrdomv></attr><attr><attrlabl Sync="TRUE">FID_SFA131</attrlabl><attalias Sync="TRUE">FID_SFA131</attalias><attrtype Sync="TRUE">Double</attrtype><attwidth Sync="TRUE">10</attwidth><atprecis Sync="TRUE">10</atprecis><attscale Sync="TRUE">0</attscale></attr><attr><attrlabl Sync="TRUE">F_CODE</attrlabl><attalias Sync="TRUE">F_CODE</attalias><attrtype Sync="TRUE">String</attrtype><attwidth Sync="TRUE">5</attwidth><atprecis Sync="TRUE">0</atprecis><attscale Sync="TRUE">0</attscale></attr><attr><attrlabl Sync="TRUE">NAME_EN</attrlabl><attalias Sync="TRUE">NAME_EN</attalias><attrtype Sync="TRUE">String</attrtype><attwidth Sync="TRUE">80</attwidth><atprecis Sync="TRUE">0</atprecis><attscale Sync="TRUE">0</attscale></attr><attr><attrlabl Sync="TRUE">NOM_FR</attrlabl><attalias Sync="TRUE">NOM_FR</attalias><attrtype Sync="TRUE">String</attrtype><attwidth Sync="TRUE">80</attwidth><atprecis Sync="TRUE">0</atprecis><attscale Sync="TRUE">0</attscale></attr><attr><attrlabl Sync="TRUE">COUNTRY</attrlabl><attalias Sync="TRUE">COUNTRY</attalias><attrtype Sync="TRUE">String</attrtype><attwidth Sync="TRUE">10</attwidth><atprecis Sync="TRUE">0</atprecis><attscale Sync="TRUE">0</attscale></attr><attr><attrlabl Sync="TRUE">CGNS_FID</attrlabl><attalias Sync="TRUE">CGNS_FID</attalias><attrtype Sync="TRUE">String</attrtype><attwidth Sync="TRUE">32</attwidth><atprecis Sync="TRUE">0</atprecis><attscale Sync="TRUE">0</attscale></attr></detailed></eainfo><mdDateSt Sync="TRUE">20200929</mdDateSt></metadata>
